orderId,name,description,date,username
2024-06-29 17:51:56,KFC,Texas Fried Chicken,2024-01-01,udhayashan
2,Order2,Second order description,2024-01-02,udhayashan
3,Order3,Third order description,2024-01-03,udhayashan
4,Order4,Fourth order description,2024-01-04,udhayashan
5,Order5,Fifth order description,2024-01-05,udhayashan
6,Order6,Sixth order description,2024-01-06,udhayashan
7,Order7,Seventh order description,2024-01-07,User7
8,Order8,Eighth order description,2024-01-08,User8
9,Order9,Ninth order description,2024-01-09,User9
10,Order10,Tenth order description,2024-01-10,User10
